Ward_name,Old_code,New_code,Population_2015,%_Al_Children0_15,%_All_Older_people_aged_65+,Population_density,%_children_obese,%_children_in_year_6_obese
City of London,00AA,E09000001,8100,8,15.2,2538.1,11.1,23.2
Barking and Dagenham - Abbey,00ABFX,E05000026,14750,26,5,10500,13.3,24.7
Barking and Dagenham - Alibon,00ABFY,E05000027,10600,25.7,10,7428.6,10,26
Barking and Dagenham - Becontree,00ABFZ,E05000028,12700,25.4,8.7,9269.2,12.3,29.3
Barking and Dagenham - Chadwell Heath,00ABGA,E05000029,10400,24.3,14.2,2985.3,12.8,24.6
Barking and Dagenham - Eastbrook,00ABGB,E05000030,10750,20.1,14.2,3028.6,12.6,21.6
Barking and Dagenham - Eastbury,00ABGC,E05000031,11900,25.2,9.6,8357.1,11.5,26.5
Barking and Dagenham - Gascoigne,00ABGD,E05000032,15850,32,5.4,12772.7,16.2,29
Barking and Dagenham - Goresbrook,00ABGE,E05000033,11450,25.9,10.9,8692.3,16.2,25.2
Barking and Dagenham - Heath,00ABGF,E05000034,11150,26.2,11.5,5475,15,26
Barking and Dagenham - Longbridge,00ABGG,E05000035,11900,21.7,12.2,7281.3,11.4,24.9
Barking and Dagenham - Mayesbrook,00ABGH,E05000036,10550,26.9,11,5473.7,12.6,24.3
Barking and Dagenham - Parsloes,00ABGJ,E05000037,10050,25.2,11.1,8250,14.8,26.5
Barking and Dagenham - River,00ABGK,E05000038,11950,26.5,9.9,3166.7,17.2,30.2
Barking and Dagenham - Thames,00ABGL,E05000039,18950,32.5,5,1867.1,15.6,27
Barking and Dagenham - Valence,00ABGM,E05000040,10250,25.5,11.3,7692.3,12.2,24.6
Barking and Dagenham - Village,00ABGN,E05000041,11050,24.8,11.1,5166.7,12.9,27.9
Barking and Dagenham - Whalebone,00ABGP,E05000042,11150,23.7,11.8,6781.3,12.8,22.8
Barnet - Brunswick Park,00ACFX,E05000043,17550,19.5,15.9,5218.8,10.8,16.5
Barnet - Burnt Oak,00ACFY,E05000044,19650,24.3,9.1,8857.1,11.9,25.3
Barnet - Childs Hill,00ACFZ,E05000045,21100,19.5,12.6,6516.1,12.2,16.9
Barnet - Colindale,00ACGA,E05000046,26600,22.8,7.5,8250,12.6,26
Barnet - Coppetts,00ACGB,E05000047,18050,19.5,11.1,6425.9,10,19.5
Barnet - East Barnet,00ACGC,E05000048,17100,20.6,14.8,4302.6,11.3,22.2
Barnet - East Finchley,00ACGD,E05000049,16850,19.2,13.6,6440,7.9,17.3
Barnet - Edgware,00ACGE,E05000050,17600,22.9,15.5,3017.9,10.9,17.1
Barnet - Finchley Church End,00ACGF,E05000051,16800,19,16.6,5925.9,6.6,11.6
Barnet - Garden Suburb,00ACGG,E05000052,16950,20.3,17.7,3436.2,6.3,12.5
Barnet - Golders Green,00ACGH,E05000053,24950,25.6,10.1,7150,8.7,16.4
Barnet - Hale,00ACGJ,E05000054,18250,22.5,14.4,3250,11.2,20.6
Barnet - Hendon,00ACGK,E05000055,19300,21.5,12,6625,7.4,19.1
Barnet - High Barnet,00ACGL,E05000056,16300,18.1,17.6,1873.5,4.5,16.1
Barnet - Mill Hill,00ACGM,E05000057,20000,21.9,14,2010.6,11.3,18.2
Barnet - Oakleigh,00ACGN,E05000058,16650,19.3,17.3,4833.3,7.8,16.9
Barnet - Totteridge,00ACGP,E05000059,16900,20.2,17,1795.5,9,17.9
Barnet - Underhill,00ACGQ,E05000060,17300,19.6,16.7,3554.3,7.9,19.5
Barnet - West Finchley,00ACGR,E05000061,17500,18.6,13.1,7590.9,8.5,14.5
Barnet - West Hendon,00ACGS,E05000062,19250,20.6,11.2,5279.4,9.8,16.5
Barnet - Woodhouse,00ACGT,E05000063,18700,18.6,13.8,6846.2,9.1,20.8
Bexley - Barnehurst,00ADGA,E05000064,10600,18.7,19.3,3672.4,9.1,24.8
Bexley - Belvedere,00ADGB,E05000065,12400,23.2,12.9,3828.1,11.8,28.4
Bexley - Blackfen and Lamorbey,00ADGC,E05000066,10700,18.3,19.1,6352.9,8.5,20
Bexley - Blendon and Penhill,00ADGD,E05000067,11000,18,19.5,5285.7,9.7,15.8
Bexley - Brampton,00ADGE,E05000068,10600,16.6,23.3,5350,6.1,23.7
Bexley - Christchurch,00ADGF,E05000069,11350,18.1,18.6,4500,11.8,14.2
Bexley - Colyers,00ADGG,E05000070,11400,22.3,15,7093.8,11.1,26.6
Bexley - Crayford,00ADGH,E05000071,11950,20.9,14.6,2925,10.1,19.6
Bexley - Cray Meadows,00ADGJ,E05000072,11350,20.8,17.7,1583.3,14,25.4
Bexley - Danson Park,00ADGK,E05000073,11000,18.3,18,4092.6,11.5,22.9
Bexley - East Wickham,00ADGL,E05000074,11000,18.4,19.2,5022.7,10.9,23
Bexley - Erith,00ADGM,E05000075,12800,25.1,11.6,2614.6,13.4,29.9
Bexley - Falconwood and Welling,00ADGN,E05000076,10950,18.2,16.7,6470.6,10.4,24.9
Bexley - Lesnes Abbey,00ADGP,E05000077,11450,20.3,16.5,4791.7,13.3,22.4
Bexley - Longlands,00ADGQ,E05000078,10600,16.4,21.2,4096.2,8.2,17.4
Bexley - North End,00ADGR,E05000079,11850,26.7,10.6,2070.2,15.2,22.8
Bexley - Northumberland Heath,00ADGS,E05000080,10700,19.5,16.9,5972.2,11,22.5
Bexley - St. Mary's,00ADGT,E05000081,10550,17.7,22.4,2420.5,8.7,14.4
Bexley - St. Michael's,00ADGU,E05000082,11250,20.4,15.6,8071.4,9.1,22
Bexley - Sidcup,00ADGW,E05000083,11000,15.9,19.9,4092.6,10.4,18.4
Bexley - Thamesmead East,00ADGX,E05000084,12550,27.8,7.4,2583.3,17.1,28
Brent - Alperton,00AEGJ,E05000085,15300,19.8,10.1,7047.6,8.3,18.8
Brent - Barnhill,00AEGK,E05000086,16250,20.9,12.4,5366.7,10.8,25.1
Brent - Brondesbury Park,00AEGL,E05000087,13300,17.8,12.6,7794.1,8.3,22.9
Brent - Dollis Hill,00AEGM,E05000088,13650,24.1,12.2,5934.8,13.2,21.9
Brent - Dudden Hill,00AEGN,E05000089,15750,21.2,10.7,9117.6,15.6,26.7
Brent - Fryent,00AEGP,E05000090,14150,20.5,12.7,5129.6,10.5,21.2
Brent - Harlesden,00AEGQ,E05000091,17500,27.3,9,15772.7,15.8,29.3
Brent - Kensal Green,00AEGR,E05000092,15050,21.1,10.2,13681.8,11.6,27.1
Brent - Kenton,00AEGS,E05000093,12550,16.2,18.8,5413,5.8,21.6
Brent - Kilburn,00AEGT,E05000094,17550,19.5,9.4,19333.3,11.9,25.8
Brent - Mapesbury,00AEGU,E05000095,16000,17.2,9.4,11357.1,13.7,21.6
Brent - Northwick Park,00AEGW,E05000096,13300,16,13.7,4888.9,11.5,20.9
Brent - Preston,00AEGX,E05000097,15750,20.8,13,6541.7,13,23.8
Brent - Queens Park,00AEGY,E05000098,15500,20.5,9.9,10300,9.9,17.4
Brent - Queensbury,00AEGZ,E05000099,16800,19.8,12.4,8050,10.7,21.5
Brent - Stonebridge,00AEHA,E05000100,17600,26.7,9,4231.7,17,26.5
Brent - Sudbury,00AEHB,E05000101,15250,21.1,11.1,7238.1,10.6,25.9
Brent - Tokyngton,00AEHC,E05000102,18900,20,9.7,6160.7,13.1,27.2
Brent - Welsh Harp,00AEHD,E05000103,14000,21.5,12.1,6065.2,11.2,26.6
Brent - Wembley Central,00AEHE,E05000104,16150,19.1,10.6,9718.8,9.2,20.4
Brent - Willesden Green,00AEHF,E05000105,15950,19.1,8.2,10600,15,26.7
Bromley - Bickley,00AFGD,E05000106,15450,19.4,20.4,3132.7,7.3,12.5
Bromley - Biggin Hill,00AFGE,E05000107,10250,18,19.6,1222.9,8,14.1
Bromley - Bromley Common and Keston,00AFGF,E05000108,16250,20.7,17.1,1897.6,10.5,17.8
Bromley - Bromley Town,00AFGG,E05000109,18600,20.8,13.5,4797.3,5.8,13.3
Bromley - Chelsfield and Pratts Bottom,00AFGH,E05000110,14800,19.1,20.3,1166.7,4.2,11.3
Bromley - Chislehurst,00AFGJ,E05000111,15400,18.7,21.4,1461.5,6,15.5
Bromley - Clock House,00AFGK,E05000112,16050,21.6,12.4,6869.6,7.1,16.5
Bromley - Copers Cope,00AFGL,E05000113,15950,15.8,16.6,4772.7,7.8,13.3
Bromley - Cray Valley East,00AFGM,E05000114,15850,22.7,17.1,1176.7,9.1,22.2
Bromley - Cray Valley West,00AFGN,E05000115,17150,23.6,15.2,4371.8,8.4,18.3
Bromley - Crystal Palace,00AFGP,E05000116,12950,20.7,8.2,5478.3,9.6,23.8
Bromley - Darwin,00AFGQ,E05000117,5300,18.4,24.2,181,11.4,15.4
Bromley - Farnborough and Crofton,00AFGR,E05000118,14850,17.3,24.2,2121.4,4.4,15.1
Bromley - Hayes and Coney Hall,00AFGS,E05000119,16250,18.5,19.5,1500,7.4,12
Bromley - Kelsey and Eden Park,00AFGT,E05000120,16250,18.6,18.4,3105.8,7.1,15.2
Bromley - Mottingham and Chislehurst North,00AFGU,E05000121,10300,23.1,14.4,4250,11.1,22.7
Bromley - Orpington,00AFGW,E05000122,15650,18.5,22,3616.3,9.2,19.5
Bromley - Penge and Cator,00AFGX,E05000123,17900,21.9,10.5,5883.3,10.4,25.2
Bromley - Petts Wood and Knoll,00AFGY,E05000124,13950,18.3,22.7,3220.9,6.1,9.5
Bromley - Plaistow and Sundridge,00AFGZ,E05000125,15600,20.9,15.3,3850,9.2,14.9
Bromley - Shortlands,00AFHA,E05000126,10150,17.7,21.6,4020,3.9,11.7
Bromley - West Wickham,00AFHB,E05000127,15250,17.1,21,3443.2,6.8,12
Camden - Belsize,00AGGD,E05000128,12800,18,13,15937.5,10.9,18.7
Camden - Bloomsbury,00AGGE,E05000129,11700,6.5,9.6,11650,12,28.3
Camden - Camden Town with Primrose Hill,00AGGF,E05000130,13100,14.6,12.5,10791.7,11.6,16.6
Camden - Cantelowes,00AGGG,E05000131,12450,14.8,9.5,15375,9,20.3
Camden - Fortune Green,00AGGH,E05000132,12100,15.2,10.6,12000,3.5,20.6
Camden - Frognal and Fitzjohns,00AGGJ,E05000133,12250,16.3,14.3,8133.3,n/a,n/a
Camden - Gospel Oak,00AGGK,E05000134,11500,18.4,12.6,16357.1,10.7,23.4
Camden - Hampstead Town,00AGGL,E05000135,11400,17.3,16.5,4540,n/a,n/a
Camden - Haverstock,00AGGM,E05000136,12750,18.7,11.4,18000,12,25.9
Camden - Highgate,00AGGN,E05000137,11150,16.4,16.3,3484.4,5.3,13.5
Camden - Holborn and Covent Garden,00AGGP,E05000138,13700,12.7,10.3,11250,9,25.5
Camden - Kentish Town,00AGGQ,E05000139,13850,15.4,9.6,13750,6.5,19.3
Camden - Kilburn,00AGGR,E05000140,12350,17.7,11.6,17500,13.4,22.1
Camden - King's Cross,00AGGS,E05000141,12550,12.8,7.5,20833.3,10.9,21.2
Camden - Regent's Park,00AGGT,E05000142,14700,14.8,9.2,10961.5,12.6,26.1
Camden - St. Pancras and Somers Town,00AGGU,E05000143,16200,17.7,8.3,10785.7,12.3,24.5
Camden - Swiss Cottage,00AGGW,E05000144,13200,16.8,11.8,10076.9,13.8,22.2
Camden - West Hampstead,00AGGX,E05000145,12550,13.1,9.2,13722.2,6.1,16
Croydon - Addiscombe,00AHGE,E05000146,17750,19.9,9.8,10843.8,10.3,21.6
Croydon - Ashburton,00AHGF,E05000147,15150,19.5,14.6,5555.6,11.5,23.2
Croydon - Bensham Manor,00AHGG,E05000148,16600,24.1,10.3,11750,13.2,24.4
Croydon - Broad Green,00AHGH,E05000149,20050,26.4,7.5,7185.2,11.5,25.5
Croydon - Coulsdon East,00AHGJ,E05000150,12700,18.4,21.7,1629.9,9.4,17.4
Croydon - Coulsdon West,00AHGK,E05000151,14150,18.4,16.4,2770,9.6,19.7
Croydon - Croham,00AHGL,E05000152,16200,20.2,12.6,4614.3,8.9,19.1
Croydon - Fairfield,00AHGM,E05000153,21750,19.2,10.3,5065.8,10.2,24.8
Croydon - Fieldway,00AHGN,E05000154,11850,29.6,10.2,7800,13.9,24.6
Croydon - Heathfield,00AHGP,E05000155,13600,18.2,18.2,1551.7,10.6,17.8
Croydon - Kenley,00AHGQ,E05000156,15650,20.9,15.8,2369.2,4.5,14.7
Croydon - New Addington,00AHGR,E05000157,11250,24.6,13.1,4604.2,11.3,27.8
Croydon - Norbury,00AHGS,E05000158,17100,20.8,13.5,6740,11.2,23.5
Croydon - Purley,00AHGT,E05000159,15550,19.7,15.7,3607.1,8.1,16.9
Croydon - Sanderstead,00AHGU,E05000160,13200,17,20.9,2071.4,7.7,12.5
Croydon - Selhurst,00AHGW,E05000161,18550,26.2,9.2,7978.3,14.6,27
Croydon - Selsdon and Ballards,00AHGX,E05000162,12200,13.8,22.4,1882.8,8.8,15.4
Croydon - Shirley,00AHGY,E05000163,14700,19.7,18.4,5214.3,9.1,20
Croydon - South Norwood,00AHGZ,E05000164,16900,22.2,10.3,6979.2,11.6,23.4
Croydon - Thornton Heath,00AHHA,E05000165,16900,25.4,9.5,9852.9,13.8,26.7
Croydon - Upper Norwood,00AHHB,E05000166,16600,20.8,11.8,6307.7,10.5,23.7
Croydon - Waddon,00AHHC,E05000167,17650,23.4,10.5,4847.2,11.1,19.9
Croydon - West Thornton,00AHHD,E05000168,18000,25.4,9.8,8925,12.6,24.8
Croydon - Woodside,00AHHE,E05000169,17100,24.7,8.7,7727.3,11.6,23.6
Ealing - Acton Central,00AJGC,E05000170,15850,20,10.2,8750,11.1,19.4
Ealing - Cleveland,00AJGD,E05000171,14850,21.7,12.7,6750,10,19.2
Ealing - Dormers Wells,00AJGE,E05000172,14150,22.4,12.3,6152.2,14,23.4
Ealing - Ealing Broadway,00AJGF,E05000173,15550,14.6,12,7868.4,6.2,15.1
Ealing - Ealing Common,00AJGG,E05000174,14200,15.7,12,6809.5,9.9,21
Ealing - East Acton,00AJGH,E05000175,19800,19.8,8.5,4523.3,11.1,26.1
Ealing - Elthorne,00AJGJ,E05000176,15100,21,10.5,7450,11,22.6
Ealing - Greenford Broadway,00AJGK,E05000177,17750,24.7,11.5,7120,13.7,23.6
Ealing - Greenford Green,00AJGL,E05000178,14500,21.2,12.6,4264.7,9.1,24.5
Ealing - Hanger Hill,00AJGM,E05000179,15750,19.1,14,4787.9,7.1,18.4
Ealing - Hobbayne,00AJGN,E05000180,14300,22.5,12.1,6522.7,11.4,18.6
Ealing - Lady Margaret,00AJGP,E05000181,14100,19.7,12.2,9433.3,12.9,23.6
Ealing - Northfield,00AJGQ,E05000182,13700,19.6,11.7,9133.3,5.3,13.1
Ealing - North Greenford,00AJGR,E05000183,14900,20.5,12.9,4656.3,8.8,24.8
Ealing - Northolt Mandeville,00AJGS,E05000184,15350,23.4,12.1,5482.1,12.1,24.9
Ealing - Northolt West End,00AJGT,E05000185,15200,26,10.2,4371.4,14.1,21.9
Ealing - Norwood Green,00AJGU,E05000186,14200,20.8,11.4,3750,12.3,23.1
Ealing - Perivale,00AJGW,E05000187,15450,20.6,12.5,4573.5,11.6,24.4
Ealing - South Acton,00AJGX,E05000188,16200,20.6,10.8,9205.9,11.6,26.9
Ealing - Southall Broadway,00AJGY,E05000189,16200,22.7,10,9343.8,14.8,23.3
Ealing - Southall Green,00AJGZ,E05000190,15200,23.8,8.9,9406.3,14.3,24.7
Ealing - Southfield,00AJHA,E05000191,13600,18.6,11.5,9714.3,7.4,18
Ealing - Walpole,00AJHB,E05000192,13500,19.1,11.5,9033.3,7.8,18.5
Enfield - Bowes,00AKGL,E05000193,14550,18.2,11.3,9733.3,9.3,21.1
Enfield - Bush Hill Park,00AKGM,E05000194,14150,17.6,18.4,5720,10.8,22.4
Enfield - Chase,00AKGN,E05000195,14000,22.3,13.9,834.3,12,24.4
Enfield - Cockfosters,00AKGP,E05000196,14100,16.1,19.4,1370.2,9,20.6
Enfield - Edmonton Green,00AKGQ,E05000197,18350,27.1,8.8,5951.6,17.6,30.1
Enfield - Enfield Highway,00AKGR,E05000198,16350,24.9,10.9,3576.1,14.1,27
Enfield - Enfield Lock,00AKGS,E05000199,17000,26.4,8.3,5166.7,16.3,26.7
Enfield - Grange,00AKGT,E05000200,13300,17.3,19.6,4015.2,8.6,11.7
Enfield - Haselbury,00AKGU,E05000201,16500,24.5,10.2,9277.8,14.5,26.9
Enfield - Highlands,00AKGW,E05000202,13550,16.4,19.3,2647.1,8.9,19.4
Enfield - Jubilee,00AKGX,E05000203,14600,24.1,11.9,3782.1,12.8,24.3
Enfield - Lower Edmonton,00AKGY,E05000204,16700,28,10.2,7681.8,13.2,27.6
Enfield - Palmers Green,00AKGZ,E05000205,15650,18.5,14.2,8263.2,11,22.5
Enfield - Ponders End,00AKHA,E05000206,17050,25.7,9.1,4771.4,16.7,29.6
Enfield - Southbury,00AKHB,E05000207,14950,24.7,10.2,5172.4,12,21.4
Enfield - Southgate,00AKHC,E05000208,14800,19.2,13.9,5537,9.5,17.5
Enfield - Southgate Green,00AKHD,E05000209,14400,17.9,15.7,5538.5,9.7,21.8
Enfield - Town,00AKHE,E05000210,15150,19.8,15.9,6954.5,10.8,20.6
Enfield - Turkey Street,00AKHF,E05000211,14700,24.4,11.8,6434.8,13.4,25.8
Enfield - Upper Edmonton,00AKHG,E05000212,18600,25.7,9.3,6777.8,14.7,30.1
Enfield - Winchmore Hill,00AKHH,E05000213,13700,18.6,15.4,4928.6,6.6,19.3
Greenwich - Abbey Wood,00ALGP,E05000214,16200,26.4,10.2,5722.2,16.6,28.8
Greenwich - Blackheath Westcombe,00ALGQ,E05000215,13300,17.3,15.1,6047.6,6.8,21.9
Greenwich - Charlton,00ALGR,E05000216,14650,22.6,11.2,7050,12.8,26.4
Greenwich - Coldharbour and New Eltham,00ALGS,E05000217,13450,17.4,18.1,5180,10.5,21.9
Greenwich - Eltham North,00ALGT,E05000218,12900,17.6,18.5,4788.5,6.8,16.1
Greenwich - Eltham South,00ALGU,E05000219,13100,15.8,15.7,2717.4,12.1,24.3
Greenwich - Eltham West,00ALGW,E05000220,12500,21.5,11.6,4666.7,13.8,24.4
Greenwich - Glyndon,00ALGX,E05000221,18500,23.6,7.6,10441.2,14.1,24.7
Greenwich - Greenwich West,00ALGY,E05000222,18450,18.8,7.9,6053.6,11.1,25.2
Greenwich - Kidbrooke with Hornfair,00ALGZ,E05000223,14650,19.7,12.5,5854.2,11,24.1
Greenwich - Middle Park and Sutcliffe,00ALHA,E05000224,13900,20.8,15.7,4045.5,11.5,25
Greenwich - Peninsula,00ALHB,E05000225,24500,19,6.2,4155.6,7,20.3
Greenwich - Plumstead,00ALHC,E05000226,17050,23.1,9.3,6854.2,14.1,25.3
Greenwich - Shooters Hill,00ALHD,E05000227,13750,20.2,13.8,3486.8,12.8,22.7
Greenwich - Thamesmead Moorings,00ALHE,E05000228,22200,29.1,5.1,4218.8,16.9,28.9
Greenwich - Woolwich Common,00ALHF,E05000229,19550,26.7,6.2,6903.8,14,26.6
Greenwich - Woolwich Riverside,00ALHG,E05000230,23050,24,6.3,6359.4,15.4,24.1
Hackney - Brownswood,00AMGA,E05000231,13300,13.8,5.7,15187.5,15,28.8
Hackney - Cazenove,00AMGB,E05000232,13800,29.3,6.3,19214.3,12.1,24.5
Hackney - Chatham,00AMGC,E05000233,13950,21.1,6.9,15055.6,17.4,23.8
Hackney - Clissold,00AMGD,E05000234,12650,19.3,7.4,17642.9,8.9,17.6
Hackney - Dalston,00AMGE,E05000235,15950,16.6,6.3,17000,10.6,26.7
Hackney - De Beauvoir,00AMGF,E05000236,15200,15.8,7.1,16000,13.7,30.3
Hackney - Hackney Central,00AMGG,E05000237,13200,17.5,7.7,16000,14.4,25.6
Hackney - Hackney Downs,00AMGH,E05000238,13400,19.5,7.5,13100,10.7,25.7
Hackney - Haggerston,00AMGJ,E05000239,15250,14.5,5.8,12166.7,13.5,29
Hackney - Hoxton,00AMGK,E05000240,16300,15,6.2,19750,14.8,27.6
Hackney - King's Park,00AMGL,E05000241,11650,24.1,9.5,6305.6,14.6,25.5
Hackney - Leabridge,00AMGM,E05000242,14600,20.1,7.3,12954.5,10.7,22.1
Hackney - Lordship,00AMGN,E05000243,12700,28.6,8.2,10333.3,10.1,23.1
Hackney - New River,00AMGP,E05000244,14500,29.2,7.5,13450,18.2,29.1
Hackney - Queensbridge,00AMGQ,E05000245,14450,16.6,8.1,12727.3,12.9,21.8
Hackney - Springfield,00AMGR,E05000246,12800,32.7,7.5,12500,13.5,23.8
Hackney - Stoke Newington Central,00AMGS,E05000247,13050,16.1,7.8,18214.3,10.7,25.6
Hackney - Victoria,00AMGT,E05000248,13750,20.1,7.5,16812.5,14.8,28.6
Hackney - Wick,00AMGU,E05000249,12350,20.9,7.7,7500,15.8,30.8
Hammersmith and Fulham - Addison,00ANGA,E05000250,11650,16.1,7.9,19083.3,6.4,23.8
Hammersmith and Fulham - Askew,00ANGB,E05000251,14300,17.8,8.4,17562.5,9.5,21.6
Hammersmith and Fulham - Avonmore and Brook Green,00ANGC,E05000252,12700,12.2,11,13722.2,11.1,25.3
Hammersmith and Fulham - College Park and Old Oak,00ANGD,E05000253,10700,19.5,8.2,2897.1,12.8,21.8
Hammersmith and Fulham - Fulham Broadway,00ANGE,E05000254,11550,14.4,10,16000,8.3,20
Hammersmith and Fulham - Fulham Reach,00ANGF,E05000255,11800,13.1,8.5,12777.8,12.1,21.1
Hammersmith and Fulham - Hammersmith Broadway,00ANGG,E05000256,12250,16.3,10.4,10954.5,8.7,23
Hammersmith and Fulham - Munster,00ANGH,E05000257,11150,17.1,8.9,18250,10.3,19.5
Hammersmith and Fulham - North End,00ANGJ,E05000258,12650,12.8,6.7,20083.3,8,26
Hammersmith and Fulham - Palace Riverside,00ANGK,E05000259,7600,18.2,15.3,5000,9.1,12.7
Hammersmith and Fulham - Parsons Green and Walham,00ANGL,E05000260,10850,19.3,11.2,11944.4,9.1,23.4
Hammersmith and Fulham - Ravenscourt Park,00ANGM,E05000261,11000,17.7,12.2,9000,7.7,13.1
Hammersmith and Fulham - Sands End,00ANGN,E05000262,13550,18.9,8.6,9321.4,14.5,27.5
Hammersmith and Fulham - Shepherd's Bush Green,00ANGP,E05000263,12950,16.2,8,11318.2,10.7,28.1
Hammersmith and Fulham - Town,00ANGQ,E05000264,11350,17.9,7.8,15928.6,12.5,24.3
Hammersmith and Fulham - Wormholt and White City,00ANGR,E05000265,13750,21.5,9.4,14944.4,10.5,28.2
Haringey - Alexandra,00APGA,E05000266,12050,20.4,11.3,4596.2,4.5,9.9
Haringey - Bounds Green,00APGB,E05000267,14400,17.6,9.4,10035.7,10.6,22.8
Haringey - Bruce Grove,00APGC,E05000268,15050,21.7,8.3,16388.9,14.8,26.4
Haringey - Crouch End,00APGD,E05000269,12800,16.2,10.2,8964.3,2.4,11.6
Haringey - Fortis Green,00APGE,E05000270,13000,19.4,11.5,6400,4.6,9.2
Haringey - Harringay,00APGF,E05000271,14100,15.1,7.6,8562.5,7.8,25.9
Haringey - Highgate,00APGG,E05000272,12100,14.8,11.9,4740,3.8,14.9
Haringey - Hornsey,00APGH,E05000273,13100,17.7,9.1,11727.3,8.2,17.2
Haringey - Muswell Hill,00APGJ,E05000274,11050,16.9,13.5,6411.8,2.7,10.2
Haringey - Noel Park,00APGK,E05000275,14700,17.8,8.2,11958.3,14.2,31.3
Haringey - Northumberland Park,00APGL,E05000276,15150,25.1,7.8,7763.2,17.2,30.5
Haringey - St. Ann's,00APGM,E05000277,16100,17.6,8,14000,11.1,27.6
Haringey - Seven Sisters,00APGN,E05000278,16650,25.3,7.6,12500,10.7,28.6
Haringey - Stroud Green,00APGP,E05000279,12250,15.5,7.8,10909.1,5.8,18.1
Haringey - Tottenham Green,00APGQ,E05000280,15900,20.7,8.1,10928.6,13.9,28.5
Haringey - Tottenham Hale,00APGR,E05000281,17300,22.2,7.6,8552.6,16.5,28.8
Haringey - West Green,00APGS,E05000282,14050,18.3,9.8,9821.4,13.8,26.6
Haringey - White Hart Lane,00APGT,E05000283,13950,23.9,8.2,8058.8,16.2,26.9
Haringey - Woodside,00APGU,E05000284,15400,18.3,8.8,10000,12,23.5
Harrow - Belmont,00AQFY,E05000285,11650,20.4,14.8,6444.4,7.1,15.9
Harrow - Canons,00AQFZ,E05000286,13500,19.3,18.8,2339.3,13.1,20
Harrow - Edgware,00AQGA,E05000287,12050,21.1,12.4,8571.4,11.3,20.6
Harrow - Greenhill,00AQGB,E05000288,13100,19.1,10.4,7617.6,10.9,20.5
Harrow - Harrow on the Hill,00AQGC,E05000289,12850,21.9,12.5,3527.8,9.8,23
Harrow - Harrow Weald,00AQGD,E05000290,11650,19,17.8,2532.6,12.7,20.5
Harrow - Hatch End,00AQGE,E05000291,10950,18.6,20.3,3303,6.8,22.3
Harrow - Headstone North,00AQGF,E05000292,10400,17.2,18,3136.4,4.8,17
Harrow - Headstone South,00AQGG,E05000293,11600,20.4,12.9,7666.7,8.1,20.1
Harrow - Kenton East,00AQGH,E05000294,11500,18.5,13.5,8846.2,11.6,22.3
Harrow - Kenton West,00AQGJ,E05000295,11550,17.3,15.6,6388.9,10.4,21.8
Harrow - Marlborough,00AQGK,E05000296,13000,22.4,10.7,8000,10.9,24.2
Harrow - Pinner,00AQGL,E05000297,10300,18,21.1,3106.1,10.4,12.8
Harrow - Pinner South,00AQGM,E05000298,10650,20.8,18.7,4416.7,6.4,15.2
Harrow - Queensbury,00AQGN,E05000299,12350,21.3,12.2,7687.5,10.5,23.8
Harrow - Rayners Lane,00AQGP,E05000300,11450,20.6,15.1,7600,6,17.9
Harrow - Roxbourne,00AQGQ,E05000301,13150,24.5,10.3,8733.3,9.5,22.7
Harrow - Roxeth,00AQGR,E05000302,12000,22.2,11.6,7468.8,9.7,22.3
Harrow - Stanmore Park,00AQGS,E05000303,11450,17.5,23,2544.4,9.3,15.9
Harrow - Wealdstone,00AQGT,E05000304,11700,23.8,10.9,9708.3,11.8,23.3
Harrow - West Harrow,00AQGU,E05000305,10700,19.9,13.9,7066.7,7.3,20.6
Havering - Brooklands,00ARGC,E05000306,17100,22.4,13,3785.7,8,21.9
Havering - Cranham,00ARGD,E05000307,12650,16.8,24.3,1901.5,9,19
Havering - Elm Park,00ARGE,E05000308,12700,18.5,20,3391.9,11,23.4
Havering - Emerson Park,00ARGF,E05000309,12100,15.3,23.4,2608.7,10.5,19.6
Havering - Gooshays,00ARGG,E05000310,15400,23.5,12.3,1916.7,14.3,21.9
Havering - Hacton,00ARGH,E05000311,12600,15.9,21,4960,12.1,16.7
Havering - Harold Wood,00ARGJ,E05000312,13750,18.6,18,1730.3,7.7,17.1
Havering - Havering Park,00ARGK,E05000313,13200,20.5,17.3,1326.5,9.7,22.2
Havering - Heaton,00ARGL,E05000314,13200,22.1,16.8,3779.4,12.8,24.8
Havering - Hylands,00ARGM,E05000315,13150,15.9,18.8,4500,3.9,16.8
Havering - Mawneys,00ARGN,E05000316,13100,19.4,19.6,4316.7,10.6,21.8
Havering - Pettits,00ARGP,E05000317,13050,17,22.8,3237.5,9.7,11.6
Havering - Rainham and Wennington,00ARGQ,E05000318,13150,18.9,18,754.4,13.6,24
Havering - Romford Town,00ARGR,E05000319,18700,19.6,13.2,5931,10.2,21
Havering - St. Andrew's,00ARGS,E05000320,13650,16.7,21,4981.5,11.5,18.5
Havering - South Hornchurch,00ARGT,E05000321,16550,21.6,15.9,2198.5,11.3,23.1
Havering - Squirrel's Heath,00ARGU,E05000322,13400,18.1,17.5,5096.2,10.4,22.7
Havering - Upminster,00ARGW,E05000323,12950,15.4,23.8,571.1,6.8,13.5
Hillingdon - Barnhill,00ASGG,E05000324,14050,24.7,9.8,6595.2,11.5,27.1
Hillingdon - Botwell,00ASGH,E05000325,15950,26.5,9.4,3545.5,9.8,22.6
Hillingdon - Brunel,00ASGJ,E05000326,14750,15.9,10.8,4424.2,10.3,17.9
Hillingdon - Cavendish,00ASGK,E05000327,12100,19.8,16.4,6000,6.4,16.7
Hillingdon - Charville,00ASGL,E05000328,13200,22.7,12.4,4350,11.3,20.8
Hillingdon - Eastcote and East Ruislip,00ASGM,E05000329,12600,17.2,21.2,3048.8,5.9,12.1
Hillingdon - Harefield,00ASGN,E05000330,7750,19.7,17.1,500,10,18.5
Hillingdon - Heathrow Villages,00ASGP,E05000331,13250,23.2,9.7,546.8,12.8,23.2
Hillingdon - Hillingdon East,00ASGQ,E05000332,13700,22.5,11.8,3722.2,9,19.6
Hillingdon - Ickenham,00ASGR,E05000333,10750,17.6,20.9,1725.8,7,13.3
Hillingdon - Manor,00ASGS,E05000334,11900,20.1,16,5875,9.3,14.9
Hillingdon - Northwood,00ASGT,E05000335,10850,16.1,21.3,1452.7,4.1,13.9
Hillingdon - Northwood Hills,00ASGU,E05000336,12050,18.9,17.9,3606.1,8.3,20.6
Hillingdon - Pinkwell,00ASGW,E05000337,15750,26.2,8.9,5703.7,9.8,23.2
Hillingdon - South Ruislip,00ASGX,E05000338,12950,20.7,13,1723,9.3,19.3
Hillingdon - Townfield,00ASGY,E05000339,14900,24,9.7,4171.4,10.9,23
Hillingdon - Uxbridge North,00ASGZ,E05000340,13100,18.4,16.1,2771.7,7.4,14.6
Hillingdon - Uxbridge South,00ASHA,E05000341,15000,13.6,9.3,4758.1,12.3,20.9
Hillingdon - West Drayton,00ASHB,E05000342,15250,23.5,11.4,4257.1,10,22.7
Hillingdon - West Ruislip,00ASHC,E05000343,11600,18.6,17.1,2545.5,5.9,12.7
Hillingdon - Yeading,00ASHD,E05000344,14250,26.8,8.1,6087,10.4,23.7
Hillingdon - Yiewsley,00ASHE,E05000345,13750,22.7,10,3362.5,11,24.5
Hounslow - Bedfont,00ATFY,E05000346,12950,22.8,11.6,2965.9,11.7,28.3
Hounslow - Brentford,00ATFZ,E05000347,15800,18.5,10,4828.1,12.6,22.6
Hounslow - Chiswick Homefields,00ATGA,E05000348,11650,18.8,12.8,5087,6.7,16.9
Hounslow - Chiswick Riverside,00ATGB,E05000349,11700,19.7,13.8,5642.9,6.6,13.3
Hounslow - Cranford,00ATGC,E05000350,12750,22.2,10.5,4722.2,12.7,26.6
Hounslow - Feltham North,00ATGD,E05000351,11850,20.3,13.6,3514.7,12.7,25.9
Hounslow - Feltham West,00ATGE,E05000352,15800,25,7.4,4968.8,14.5,24.2
Hounslow - Hanworth,00ATGF,E05000353,12400,23.6,11.9,3787.9,13.1,27.1
Hounslow - Hanworth Park,00ATGG,E05000354,12250,21.1,12.4,3347.2,14,25.7
Hounslow - Heston Central,00ATGH,E05000355,12600,21,11.5,7500,13.5,29.4
Hounslow - Heston East,00ATGJ,E05000356,12700,20.4,11.6,6400,10.5,22.8
Hounslow - Heston West,00ATGK,E05000357,12750,22.9,10.9,3381.6,9,24.6
Hounslow - Hounslow Central,00ATGL,E05000358,16200,20.3,9.6,9441.2,11.8,22.2
Hounslow - Hounslow Heath,00ATGM,E05000359,15250,24.3,8.3,5446.4,10.8,24.7
Hounslow - Hounslow South,00ATGN,E05000360,11700,19,14,6555.6,9.3,16.6
Hounslow - Hounslow West,00ATGP,E05000361,13750,19.2,10.7,8437.5,10.7,27.4
Hounslow - Isleworth,00ATGQ,E05000362,12150,22.3,10.8,6125,10.7,20.7
Hounslow - Osterley and Spring Grove,00ATGR,E05000363,13350,19.3,12.9,2134.9,8.4,15.8
Hounslow - Syon,00ATGS,E05000364,14200,20.7,9.9,4862.1,9.7,23.6
Hounslow - Turnham Green,00ATGT,E05000365,11800,15.8,13.2,6583.3,7.3,15.7
Islington - Barnsbury,00AUFX,E05000366,12950,15,9.7,15937.5,9.9,23.4
Islington - Bunhill,00AUFY,E05000367,16700,13.1,7,14454.5,12.4,22.9
Islington - Caledonian,00AUFZ,E05000368,14950,14.8,8.5,13227.3,13,21.9
Islington - Canonbury,00AUGA,E05000369,12500,18.2,9.9,15437.5,9.1,22.7
Islington - Clerkenwell,00AUGB,E05000370,12350,11.7,8.3,13444.4,12.9,22.5
Islington - Finsbury Park,00AUGC,E05000371,15300,17.6,8.6,16555.6,11.8,27.2
Islington - Highbury East,00AUGD,E05000372,12150,18.4,9.8,11950,6.3,15.7
Islington - Highbury West,00AUGE,E05000373,16400,16.2,6.5,14363.6,11.4,17.7
Islington - Hillrise,00AUGF,E05000374,12350,18.5,9.4,15125,7.7,19.6
Islington - Holloway,00AUGG,E05000375,16050,15.1,7.7,15750,13.7,28.8
Islington - Junction,00AUGH,E05000376,12950,15.4,9.7,12600,8.6,15.8
Islington - Mildmay,00AUGJ,E05000377,13500,18.3,7.7,16625,13.9,24.4
Islington - St. George's,00AUGK,E05000378,13100,16.2,9.5,16062.5,8.7,22.2
Islington - St. Mary's,00AUGL,E05000379,12500,13.8,9.5,13500,11.4,21.8
Islington - St. Peter's,00AUGM,E05000380,13200,14.9,8.9,15687.5,9.1,22.9
Islington - Tollington,00AUGN,E05000381,13900,17.5,8.1,17062.5,9.1,24.1
Kensington and Chelsea - Abingdon,00AWFY,E05000382,10700,16.2,13.3,16916.7,n/a,n/a
Kensington and Chelsea - Brompton,00AWFZ,E05000383,8900,14.2,14.6,8700,n/a,n/a
Kensington and Chelsea - Campden,00AWGA,E05000384,8250,16.9,13.6,8944.4,5.2,21.4
Kensington and Chelsea - Colville,00AWGB,E05000385,8400,14.4,12.2,20625,14,22
Kensington and Chelsea - Courtfield,00AWGC,E05000386,9100,12.8,10.7,17700,n/a,n/a
Kensington and Chelsea - Cremorne,00AWGD,E05000387,8250,15,17.7,13250,11,21.1
Kensington and Chelsea - Earl's Court,00AWGE,E05000388,9300,12.1,9.8,18100,6.4,19.5
Kensington and Chelsea - Golborne,00AWGF,E05000389,9600,17.4,11.1,10111.1,13.3,20.6
Kensington and Chelsea - Hans Town,00AWGG,E05000390,8850,13.9,16.6,14416.7,n/a,n/a
Kensington and Chelsea - Holland,00AWGH,E05000391,9850,18.6,13.6,9600,12,16
Kensington and Chelsea - Norland,00AWGJ,E05000392,8750,18.3,17.2,12214.3,n/a,23
Kensington and Chelsea - Notting Barns,00AWGK,E05000393,9750,19.1,13.7,15750,n/a,23.9
Kensington and Chelsea - Pembridge,00AWGL,E05000394,7700,14,12.3,15100,n/a,n/a
Kensington and Chelsea - Queen's Gate,00AWGM,E05000395,9950,14.8,10.4,16166.7,n/a,n/a
Kensington and Chelsea - Redcliffe,00AWGN,E05000396,9300,15.3,12.1,13000,n/a,23.9
Kensington and Chelsea - Royal Hospital,00AWGP,E05000397,7350,13.6,21.7,7944.4,n/a,30.8
Kensington and Chelsea - St. Charles,00AWGQ,E05000398,9600,18.6,11.6,13285.7,n/a,23.7
Kensington and Chelsea - Stanley,00AWGR,E05000399,8250,15.5,16,11571.4,7.7,18.6
Kingston upon Thames - Alexandra,00AXFX,E05000400,9700,19.7,16.6,3537,7.6,20.6
Kingston upon Thames - Berrylands,00AXFY,E05000401,9800,18.2,15.4,6466.7,4.6,8.6
Kingston upon Thames - Beverley,00AXFZ,E05000402,10450,20.8,13.1,5447.4,6.5,13.1
Kingston upon Thames - Canbury,00AXGA,E05000403,13300,23.4,8.5,10791.7,3.8,12.1
Kingston upon Thames - Chessington North and Hook,00AXGB,E05000404,9000,20.1,15.3,4710.5,9.8,23.8
Kingston upon Thames - Chessington South,00AXGC,E05000405,10550,20.9,14.4,1375,8.1,24.6
Kingston upon Thames - Coombe Hill,00AXGD,E05000406,10750,18.3,14.9,2420.5,4.9,21.4
Kingston upon Thames - Coombe Vale,00AXGE,E05000407,10050,20.6,14.2,6250,5.2,12.7
Kingston upon Thames - Grove,00AXGF,E05000408,11800,16.8,8.8,6105.3,6,18.9
Kingston upon Thames - Norbiton,00AXGG,E05000409,10600,20.1,9.2,8076.9,11.3,19.6
Kingston upon Thames - Old Malden,00AXGH,E05000410,9700,19,18.1,5361.1,6.7,16.4
Kingston upon Thames - St. James,00AXGJ,E05000411,9250,18.2,18.1,4181.8,5.9,14.8
Kingston upon Thames - St. Mark's,00AXGK,E05000412,10900,12.2,8.3,7785.7,2.9,8.7
Kingston upon Thames - Surbiton Hill,00AXGL,E05000413,10950,17.4,13.5,6352.9,4.2,9.8
Kingston upon Thames - Tolworth and Hook Rise,00AXGM,E05000414,10650,20.1,13.8,3961.5,4.9,15.2
Kingston upon Thames - Tudor,00AXGN,E05000415,9850,22,14.9,6125,3.3,11.6
Lambeth - Bishop's,00AYFZ,E05000416,11400,10.9,8.2,7066.7,15.6,22.2
Lambeth - Brixton Hill,00AYGA,E05000417,16650,16,6.7,14863.6,9.9,20.2
Lambeth - Clapham Common,00AYGB,E05000418,13600,15.8,7.1,10192.3,12.7,20.2
Lambeth - Clapham Town,00AYGC,E05000419,14850,14.3,6.7,13045.5,12,24.5
Lambeth - Coldharbour,00AYGD,E05000420,17500,20.2,6.1,14333.3,12.9,24.3
Lambeth - Ferndale,00AYGE,E05000421,16400,12.5,5.9,17555.6,15.2,32.6
Lambeth - Gipsy Hill,00AYGF,E05000422,13900,22.7,8.4,8625,13.3,27.5
Lambeth - Herne Hill,00AYGG,E05000423,15600,19,7.6,7700,9.9,19.5
Lambeth - Knight's Hill,00AYGH,E05000424,15200,22.6,9.2,9966.7,9.1,21.3
Lambeth - Larkhall,00AYGJ,E05000425,18000,16,6.4,16181.8,10.8,28.6
Lambeth - Oval,00AYGK,E05000426,16600,13.7,7,12269.2,9.9,25.2
Lambeth - Prince's,00AYGL,E05000427,15400,16.5,9.2,12458.3,10,23.9
Lambeth - St. Leonard's,00AYGM,E05000428,15200,18.3,7.7,10642.9,8.8,20.9
Lambeth - Stockwell,00AYGN,E05000429,15250,18.4,7.1,16777.8,15,25.7
Lambeth - Streatham Hill,00AYGP,E05000430,15150,18,8.2,11307.7,13.2,20.9
Lambeth - Streatham South,00AYGQ,E05000431,14750,20,11.2,8558.8,9.5,23.9
Lambeth - Streatham Wells,00AYGR,E05000432,15250,19.8,8.3,10066.7,9.6,20.9
Lambeth - Thornton,00AYGS,E05000433,14000,19.9,7.6,12045.5,9.7,26.6
Lambeth - Thurlow Park,00AYGT,E05000434,13800,22.7,9.6,9133.3,8.9,18.2
Lambeth - Tulse Hill,00AYGU,E05000435,16250,20.3,6.7,16000,13.6,27.1
Lambeth - Vassall,00AYGW,E05000436,15600,16.5,7.2,13590.9,15.4,27.7
Lewisham - Bellingham,00AZGD,E05000437,15300,24.1,10.4,4854.8,11.9,28.2
Lewisham - Blackheath,00AZGE,E05000438,15000,18.1,10.5,6304.3,9.6,22.6
Lewisham - Brockley,00AZGF,E05000439,18550,15.8,6.1,10558.8,9.8,24.8
Lewisham - Catford South,00AZGG,E05000440,15650,20.6,11.5,8157.9,10.5,23.5
Lewisham - Crofton Park,00AZGH,E05000441,15350,20.8,9.5,8882.4,6.8,19.6
Lewisham - Downham,00AZGJ,E05000442,15000,23.4,12.4,6145.8,12.2,26.7
Lewisham - Evelyn,00AZGK,E05000443,18550,22.9,5.8,9777.8,13.4,27
Lewisham - Forest Hill,00AZGL,E05000444,15300,21.5,9.8,8388.9,9,22
Lewisham - Grove Park,00AZGM,E05000445,15100,20.5,12.4,6208.3,10.6,24.2
Lewisham - Ladywell,00AZGN,E05000446,15200,17.9,8.9,9281.3,7.3,26.8
Lewisham - Lee Green,00AZGP,E05000447,15050,20,11.4,8222.2,8.6,18.8
Lewisham - Lewisham Central,00AZGQ,E05000448,20250,20,7.4,8976.2,12,25.3
Lewisham - New Cross,00AZGR,E05000449,17650,20,5.5,9305.6,15.6,27.5
Lewisham - Perry Vale,00AZGS,E05000450,16050,20.8,9.7,9323.5,9.7,24
Lewisham - Rushey Green,00AZGT,E05000451,16650,22.7,8.2,8777.8,13.7,20.1
Lewisham - Sydenham,00AZGU,E05000452,16150,20.7,11.4,9352.9,10.6,27.5
Lewisham - Telegraph Hill,00AZGW,E05000453,17250,18.8,7.1,11233.3,11.3,23.4
Lewisham - Whitefoot,00AZGX,E05000454,15050,24.2,10.6,6659.1,12.6,24.9
Merton - Abbey,00BAFX,E05000455,10600,18.6,8.7,7607.1,4.1,14.7
Merton - Cannon Hill,00BAFY,E05000456,9500,17.9,17.7,4340.9,6.2,22
Merton - Colliers Wood,00BAFZ,E05000457,11250,16.7,8.6,10181.8,10.5,17.3
Merton - Cricket Green,00BAGA,E05000458,11800,24.1,11.2,3933.3,11.9,24
Merton - Dundonald,00BAGB,E05000459,9650,18.8,10.5,8000,n/a,11.9
Merton - Figge's Marsh,00BAGC,E05000460,11700,24.5,9.7,10545.5,13.5,27
Merton - Graveney,00BAGD,E05000461,10100,19.8,11.7,11222.2,12.4,27.2
Merton - Hillside,00BAGE,E05000462,9250,15,14.1,7708.3,5.1,n/a
Merton - Lavender Fields,00BAGF,E05000463,10650,21.4,8.2,8875,12.7,25.5
Merton - Longthornton,00BAGG,E05000464,10500,21.6,11.2,6966.7,14.6,23.5
Merton - Lower Morden,00BAGH,E05000465,9350,18.9,16.4,5194.4,9.3,18.1
Merton - Merton Park,00BAGJ,E05000466,9750,19.9,15.9,5444.4,4.7,11.5
Merton - Pollards Hill,00BAGK,E05000467,10800,23.7,10.8,4863.6,10.9,26.2
Merton - Ravensbury,00BAGL,E05000468,10250,21.7,13,5694.4,12.4,24.2
Merton - Raynes Park,00BAGM,E05000469,10000,20.5,14.2,5263.2,2,11.8
Merton - St. Helier,00BAGN,E05000470,10650,22,13.4,5944.4,11.9,21.8
Merton - Trinity,00BAGP,E05000471,10000,20.5,8.8,9136.4,6.4,17.1
Merton - Village,00BAGQ,E05000472,8750,18.9,20.3,1411.3,n/a,n/a
Merton - West Barnes,00BAGR,E05000473,10200,20.9,14.5,5075,5.5,18
Merton - Wimbledon Park,00BAGS,E05000474,11500,23.6,9.1,5021.7,4.2,13.3
Newham - Beckton,00BBGB,E05000475,16700,22,4.9,2539.7,13,21.4
Newham - Boleyn,00BBGC,E05000476,16350,24.9,8.1,18055.6,13,29.1
Newham - Canning Town North,00BBGD,E05000477,16650,21.4,7.6,6300,15,29.5
Newham - Canning Town South,00BBGE,E05000478,20350,19.8,6.1,10166.7,14.3,27.8
Newham - Custom House,00BBGF,E05000479,14850,23.5,6.7,6738.1,12.2,26.5
Newham - East Ham Central,00BBGG,E05000480,16200,22.4,7.5,16200,13.4,26.1
Newham - East Ham North,00BBGH,E05000481,14250,21.5,7.8,15722.2,10.7,24.9
Newham - East Ham South,00BBGJ,E05000482,16250,26.3,7.3,8861.1,10.4,26.5
Newham - Forest Gate North,00BBGK,E05000483,16550,21.2,7.4,13750,16.2,24.3
Newham - Forest Gate South,00BBGL,E05000484,18150,20.2,6.4,14875,10.7,27.7
Newham - Green Street East,00BBGM,E05000485,16250,22.3,6.2,23071.4,9.5,25.8
Newham - Green Street West,00BBGN,E05000486,15500,21.5,7.8,19187.5,12.6,20.8
Newham - Little Ilford,00BBGP,E05000487,17100,27.9,6.7,8921.1,12.8,26.5
Newham - Manor Park,00BBGQ,E05000488,15600,24,7.1,11923.1,10.9,26.1
Newham - Plaistow North,00BBGR,E05000489,15800,23.4,7.6,15700,13,23.7
Newham - Plaistow South,00BBGS,E05000490,16800,27.9,6.5,11892.9,14.7,27.6
Newham - Royal Docks,00BBGT,E05000491,16550,20.8,3.7,2843.8,12.4,31.4
Newham - Stratford and New Town,00BBGU,E05000492,26700,13.9,4.7,5333.3,11.3,23
Newham - Wall End,00BBGW,E05000493,15150,25.4,6.8,10750,10.2,24.3
Newham - West Ham,00BBGX,E05000494,16150,20.3,7.6,12269.2,14.5,27.2
Redbridge - Aldborough,00BCFY,E05000495,15800,22.3,12,1796.5,11.5,21.4
Redbridge - Barkingside,00BCFZ,E05000496,13150,19.7,15,8766.7,7.6,21.5
Redbridge - Bridge,00BCGA,E05000497,11850,20,14.8,4596.2,9.6,17.9
Redbridge - Chadwell,00BCGB,E05000498,14850,25.4,10.1,9900,13.6,27.4
Redbridge - Church End,00BCGC,E05000499,11900,19.5,12.4,7966.7,7.9,15.6
Redbridge - Clayhall,00BCGD,E05000500,13600,19.5,15.4,5480,6.9,23.1
Redbridge - Clementswood,00BCGE,E05000501,16950,27.9,7.4,12423.1,10.9,20.9
Redbridge - Cranbrook,00BCGF,E05000502,13300,21.6,12.7,5562.5,12.2,18.7
Redbridge - Fairlop,00BCGG,E05000503,12900,20.8,13.9,3611.1,11.3,26.5
Redbridge - Fullwell,00BCGH,E05000504,13150,20.9,15.8,6045.5,9.8,26.3
Redbridge - Goodmayes,00BCGJ,E05000505,13400,25.3,8.5,8437.5,13,22.5
Redbridge - Hainault,00BCGK,E05000506,13550,22.7,14.1,2410.7,9.7,26.2
Redbridge - Loxford,00BCGL,E05000507,17700,29.2,6.9,13423.1,11.8,25.7
Redbridge - Mayfield,00BCGM,E05000508,13950,24.4,11.8,7394.7,12.6,23.1
Redbridge - Monkhams,00BCGN,E05000509,10650,16.5,21.8,3451.6,7.5,12.3
Redbridge - Newbury,00BCGP,E05000510,17450,24.8,9.8,8309.5,14.9,22.4
Redbridge - Roding,00BCGQ,E05000511,12550,23.3,11,5434.8,8.9,21.3
Redbridge - Seven Kings,00BCGR,E05000512,16950,24.9,9,7809.5,8.9,26.1
Redbridge - Snaresbrook,00BCGS,E05000513,12100,17.8,16.8,6100,5.6,13.8
Redbridge - Valentines,00BCGT,E05000514,15050,26.2,8.8,9900,9.7,24.6
Redbridge - Wanstead,00BCGU,E05000515,11700,20,16.5,2278.8,9.5,18.6
Richmond upon Thames - Barnes,00BDFW,E05000516,10500,19.9,16,3500,4.8,14.7
Richmond upon Thames - East Sheen,00BDFX,E05000517,10500,23.6,15.7,1810.3,5,7.6
Richmond upon Thames - Fulwell and Hampton Hill,00BDFY,E05000518,10300,21.8,14.1,5421.1,5.6,9
"Richmond upon Thames - Ham, Petersham & Richmond Riverside",00BDFZ,E05000519,10550,19,17.8,1122.3,5,13.2
Richmond upon Thames - Hampton,00BDGA,E05000520,10250,20.1,18.2,1478.3,5.3,14.6
Richmond upon Thames - Hampton North,00BDGB,E05000521,9600,19.4,17.2,5052.6,7.8,19.7
Richmond upon Thames - Hampton Wick,00BDGC,E05000522,10550,20.3,13.9,3888.9,6.4,10.1
Richmond upon Thames - Heathfield,00BDGD,E05000523,10600,19.9,16,5552.6,9.6,18.9
Richmond upon Thames - Kew,00BDGE,E05000524,11650,21,15.2,3236.1,3.5,12.6
Richmond upon Thames - Mortlake and Barnes Common,00BDGF,E05000525,11100,23.4,12.7,5815.8,5.3,11.3
Richmond upon Thames - North Richmond,00BDGG,E05000526,11050,19.9,14.5,3910.7,4.7,11.2
Richmond upon Thames - St. Margarets & North Twickenham,00BDGH,E05000527,11800,23.1,9.2,5775,4,8.9
Richmond upon Thames - South Richmond,00BDGJ,E05000528,11100,17.1,14.2,4092.6,4.7,9.9
Richmond upon Thames - South Twickenham,00BDGK,E05000529,10100,19.6,11.8,5970.6,5.8,8.7
Richmond upon Thames - Teddington,00BDGL,E05000530,10550,19.3,15.2,2453.5,7.4,5.9
Richmond upon Thames - Twickenham Riverside,00BDGM,E05000531,10650,19,12.9,5325,3.2,7.6
Richmond upon Thames - West Twickenham,00BDGN,E05000532,10750,22.5,12.7,4280,5.3,10.8
Richmond upon Thames - Whitton,00BDGP,E05000533,10050,19.1,17.9,6250,9.3,14.5
Southwark - Brunswick Park,00BEGC,E05000534,13600,19.8,7.1,14833.3,11.9,27.4
Southwark - Camberwell Green,00BEGD,E05000535,15950,21.3,7,15450,16.3,31.7
Southwark - Cathedrals,00BEGE,E05000536,17250,9.9,7,9027.8,11.4,22.8
Southwark - Chaucer,00BEGF,E05000537,16200,14.3,5.2,19750,12.8,23.3
Southwark - College,00BEGG,E05000538,11900,20.6,12,3687.5,14.1,24.7
Southwark - East Dulwich,00BEGH,E05000539,12400,20,9.1,12250,5.9,19.3
Southwark - East Walworth,00BEGJ,E05000540,13850,17.8,7.8,11545.5,16.4,35
Southwark - Faraday,00BEGK,E05000541,13050,23,7.5,14333.3,19,30.2
Southwark - Grange,00BEGL,E05000542,17600,14.1,5.7,13750,14.3,27.1
Southwark - Livesey,00BEGM,E05000543,15000,22.9,8.6,10357.1,15,31.6
Southwark - Newington,00BEGN,E05000544,15500,16.9,8,18562.5,13.7,26.6
Southwark - Nunhead,00BEGP,E05000545,13850,20.7,9,10538.5,14.5,24.8
Southwark - Peckham,00BEGQ,E05000546,15350,23.7,7.2,16666.7,15.9,30.1
Southwark - Peckham Rye,00BEGR,E05000547,13550,21.7,8.5,5847.8,9.2,19.7
Southwark - Riverside,00BEGS,E05000548,16600,13.6,6.4,11923.1,9.8,24.1
Southwark - Rotherhithe,00BEGT,E05000549,15050,17.7,6.9,9600,10.3,31.6
Southwark - South Bermondsey,00BEGU,E05000550,14400,19.8,7.4,14050,11.2,29.6
Southwark - South Camberwell,00BEGW,E05000551,13200,19.2,7.3,9884.6,10.2,23.9
Southwark - Surrey Docks,00BEGX,E05000552,15400,12.7,6.1,7605.3,8.5,23.2
Southwark - The Lane,00BEGY,E05000553,16450,21.6,8.8,11357.1,13.2,29.2
Southwark - Village,00BEGZ,E05000554,12500,22.3,12,4446.4,6.6,12
Sutton - Beddington North,00BFGC,E05000555,10550,20.7,14.5,2110,6.3,20.4
Sutton - Beddington South,00BFGD,E05000556,10900,21.4,15.9,3548.4,8.6,21.8
Sutton - Belmont,00BFGE,E05000557,10350,18.5,17.6,4500,7.9,17.2
Sutton - Carshalton Central,00BFGF,E05000558,10400,19.8,15.3,5200,6.4,13.1
Sutton - Carshalton South and Clockhouse,00BFGG,E05000559,10200,20.8,16.9,1422.5,5.9,14.6
Sutton - Cheam,00BFGH,E05000560,10550,18.5,20.3,2705.1,7.1,12.5
Sutton - Nonsuch,00BFGJ,E05000561,10900,17.5,18.9,5736.8,4.6,10.7
Sutton - St. Helier,00BFGK,E05000562,12300,24.7,10.7,8200,11.5,26.5
Sutton - Stonecot,00BFGL,E05000563,11000,18.7,16,5500,8.5,20.3
Sutton - Sutton Central,00BFGM,E05000564,11550,21.4,11.2,8769.2,9.1,20.6
Sutton - Sutton North,00BFGN,E05000565,10600,20.9,17.4,5605.3,9.5,20.2
Sutton - Sutton South,00BFGP,E05000566,10000,16.9,17,7653.8,8.2,18.2
Sutton - Sutton West,00BFGQ,E05000567,10900,18.6,14.2,6055.6,8.3,17.2
Sutton - The Wrythe,00BFGR,E05000568,10500,20.2,14.1,7000,8,24
Sutton - Wallington North,00BFGS,E05000569,10900,20.8,14,6843.8,7.2,15.7
Sutton - Wallington South,00BFGT,E05000570,10650,18.8,17.5,6235.3,8.3,24.5
Sutton - Wandle Valley,00BFGU,E05000571,12250,24.5,9.2,5761.9,10,22.8
Sutton - Worcester Park,00BFGW,E05000572,11950,22.1,14.4,5975,8,18.2
Tower Hamlets - Bethnal Green North,00BGFW,E05000573,14750,17.8,6.5,17812.5,15.5,25.7
Tower Hamlets - Bethnal Green South,00BGFX,E05000574,15150,19,4.9,16333.3,14.5,24.7
Tower Hamlets - Blackwall and Cubitt Town,00BGFY,E05000575,23250,18.8,4.7,7116.7,10.8,25.5
Tower Hamlets - Bow East,00BGFZ,E05000576,15650,17.7,6.8,8026.3,14.3,24.8
Tower Hamlets - Bow West,00BGGA,E05000577,13650,19.6,7.7,10230.8,10.6,22.8
Tower Hamlets - Bromley-by-Bow,00BGGB,E05000578,19750,24.6,5,15500,12.5,24.2
Tower Hamlets - East India and Lansbury,00BGGC,E05000579,16550,25.8,6.1,13000,12.8,24.5
Tower Hamlets - Limehouse,00BGGD,E05000580,17100,22.1,5.6,15000,12.5,28.1
Tower Hamlets - Mile End and Globe Town,00BGGE,E05000581,16200,18.3,5.8,17555.6,13.4,24.4
Tower Hamlets - Mile End East,00BGGF,E05000582,15200,22.4,5.3,12954.5,11.8,30
Tower Hamlets - Millwall,00BGGG,E05000583,26350,17,3.7,9860,9,25.9
Tower Hamlets - St. Dunstan's and Stepney Green,00BGGH,E05000584,17100,22.2,7.6,16650,12.4,26.1
Tower Hamlets - St. Katherine's and Wapping,00BGGJ,E05000585,13550,14.8,6.5,8633.3,10.7,20.6
Tower Hamlets - Shadwell,00BGGK,E05000586,15900,23.2,6,15450,15.2,26.6
Tower Hamlets - Spitalfields and Banglatown,00BGGL,E05000587,11800,13.8,5,18416.7,14.2,24.8
Tower Hamlets - Weavers,00BGGM,E05000588,15050,16.5,6.4,17687.5,14.6,26.9
Tower Hamlets - Whitechapel,00BGGN,E05000589,17300,17.4,5.1,17888.9,13.4,25.7
Waltham Forest - Cann Hall,00BHFX,E05000590,14350,22.2,7.3,15833.3,10.8,24
Waltham Forest - Cathall,00BHFY,E05000591,13300,22.2,7.5,12000,11.9,25.1
Waltham Forest - Chapel End,00BHFZ,E05000592,14600,24.6,8.7,8055.6,10.1,22.7
Waltham Forest - Chingford Green,00BHGA,E05000593,10550,17.3,21.7,2851.4,8.4,17.8
Waltham Forest - Endlebury,00BHGB,E05000594,11150,17,18,5525,8.9,19.7
Waltham Forest - Forest,00BHGC,E05000595,13250,20.6,10,6550,9.4,22.8
Waltham Forest - Grove Green,00BHGD,E05000596,15300,21.7,7.6,16833.3,10.8,30.8
Waltham Forest - Hale End and Highams Park,00BHGE,E05000597,12200,21.9,12.2,5195.7,6.9,19.8
Waltham Forest - Hatch Lane,00BHGF,E05000598,11400,19.5,16.2,4729.2,8.1,18.1
Waltham Forest - High Street,00BHGG,E05000599,14850,21.6,7.9,4725.8,10,24.4
Waltham Forest - Higham Hill,00BHGH,E05000600,14200,24.6,8,4328.1,10.3,26.8
Waltham Forest - Hoe Street,00BHGJ,E05000601,14600,22.4,8.4,13090.9,10.7,25.7
Waltham Forest - Larkswood,00BHGK,E05000602,12050,19.5,15.4,5619,11.2,20.4
Waltham Forest - Lea Bridge,00BHGL,E05000603,16250,25.3,8.1,6192.3,11.4,23.6
Waltham Forest - Leyton,00BHGM,E05000604,14950,24.6,7.6,7400,13.4,22.6
Waltham Forest - Leytonstone,00BHGN,E05000605,13450,17.6,8,10269.2,9.9,17.8
Waltham Forest - Markhouse,00BHGP,E05000606,15250,24.2,7.8,9733.3,10.7,25
Waltham Forest - Valley,00BHGQ,E05000607,11850,20.8,13.8,5900,11.5,24.2
Waltham Forest - William Morris,00BHGR,E05000608,13750,23.6,8.2,13650,11.5,23.4
Waltham Forest - Wood Street,00BHGS,E05000609,14150,24.4,9.3,7694.4,12,24.4
Wandsworth - Balham,00BJFZ,E05000610,15050,17.6,8.4,12375,5.5,15.6
Wandsworth - Bedford,00BJGA,E05000611,15100,15.3,7.5,8222.2,8.2,16
Wandsworth - Earlsfield,00BJGB,E05000612,16100,17.3,6.6,11214.3,9.8,21.5
Wandsworth - East Putney,00BJGC,E05000613,15850,14.1,11.1,9625,7,15.3
Wandsworth - Fairfield,00BJGD,E05000614,15350,14.9,7.2,9966.7,7.5,21.2
Wandsworth - Furzedown,00BJGE,E05000615,15850,21.1,9.9,11178.6,10.1,19
Wandsworth - Graveney,00BJGF,E05000616,15700,19.2,9.1,15400,10.9,21.8
Wandsworth - Latchmere,00BJGG,E05000617,15850,19.4,8.9,14181.8,13.7,26.7
Wandsworth - Nightingale,00BJGH,E05000618,14950,18.3,9.1,12291.7,4.1,19.1
Wandsworth - Northcote,00BJGJ,E05000619,15400,21.5,6.6,8852.9,3.4,8.4
Wandsworth - Queenstown,00BJGK,E05000620,20150,14.8,7.4,5718.8,11.1,26
Wandsworth - Roehampton,00BJGL,E05000621,17550,17.5,9.3,3863.6,11.8,21.7
Wandsworth - St. Mary's Park,00BJGM,E05000622,17250,14.8,10.5,12071.4,12.7,24.2
Wandsworth - Shaftesbury,00BJGN,E05000623,14500,14.8,8.3,15944.4,7.8,24.1
Wandsworth - Southfields,00BJGP,E05000624,16750,20.3,8.5,10933.3,6.6,16.5
Wandsworth - Thamesfield,00BJGQ,E05000625,15400,17.2,10,7921.1,4.6,13.6
Wandsworth - Tooting,00BJGR,E05000626,17350,18,9.1,10562.5,10.6,20.3
Wandsworth - Wandsworth Common,00BJGS,E05000627,16350,19.4,8.2,5607.1,8.6,17.2
Wandsworth - West Hill,00BJGT,E05000628,16850,18.8,9.3,9764.7,9.6,20.8
Wandsworth - West Putney,00BJGU,E05000629,15400,17.9,12.9,8388.9,12.4,20.7
Westminster - Abbey Road,00BKGA,E05000630,11500,17.6,14.2,10318.2,8.5,23.2
Westminster - Bayswater,00BKGB,E05000631,10500,13.2,10.6,20700,9.5,22
Westminster - Bryanston and Dorset Square,00BKGC,E05000632,12650,10.6,10.8,17642.9,12.2,34
Westminster - Churchill,00BKGD,E05000633,10550,18.6,11.9,16750,14.6,26.9
Westminster - Church Street,00BKGE,E05000634,12000,22.5,13.8,29750,13.8,26.2
Westminster - Harrow Road,00BKGF,E05000635,12350,18.9,8.5,24300,10.9,29.4
Westminster - Hyde Park,00BKGG,E05000636,13450,13.1,9.7,13000,11.6,21.4
Westminster - Knightsbridge and Belgravia,00BKGH,E05000637,10050,10.4,13.7,2736.1,n/a,n/a
Westminster - Lancaster Gate,00BKGJ,E05000638,13800,11.5,8.4,22416.7,6,22.8
Westminster - Little Venice,00BKGK,E05000639,11050,18.2,10.7,18000,9.1,21.3
Westminster - Maida Vale,00BKGL,E05000640,10550,17.9,9.2,17166.7,8.5,25.2
Westminster - Marylebone High Street,00BKGM,E05000641,11150,9.3,11.3,10750,10,n/a
Westminster - Queen's Park,00BKGN,E05000642,13050,20.2,9.9,21250,11,29.2
Westminster - Regent's Park,00BKGP,E05000643,12500,15.7,16,5326.1,7.5,20.8
Westminster - St. James's,00BKGQ,E05000644,12050,9,11.2,3271.4,12.6,26.1
Westminster - Tachbrook,00BKGR,E05000645,8500,10.3,14.9,20750,13.1,32
Westminster - Vincent Square,00BKGS,E05000646,10500,14.2,12.6,14714.3,10,24.8
Westminster - Warwick,00BKGT,E05000647,9800,10.9,12.1,15916.7,13.5,25.2
Westminster - Westbourne,00BKGU,E05000648,13200,20.8,9,18500,11.7,26.6
Westminster - West End,00BKGW,E05000649,11250,8.7,11.6,5475,n/a,23.9
City of London,00AA,E09000001,8100,8,15.2,2538.1,11.1,23.2
Barking and Dagenham,00AB,E09000002,205450,26.1,9.7,5173.7,13.6,26.1
Barnet,00AC,E09000003,393200,20.9,13.6,4265.1,9.5,18.6
Bexley,00AD,E09000004,237000,20.2,16.7,3679.4,11.6,23
Brent,00AE,E09000005,326350,20.6,11.1,7406.4,12.2,24.1
Bromley,00AF,E09000006,320100,19.7,17.7,2113.8,7.8,16.2
Camden,00AG,E09000007,230300,15.4,11.2,10482.1,9.8,21.4
Croydon,00AH,E09000008,381150,21.7,12.9,4313,11.1,22.2
Ealing,00AJ,E09000009,349350,20.8,11.4,6209,11.2,22.4
Enfield,00AK,E09000010,322150,22.1,12.9,3922.4,12.7,24.5
Greenwich,00AL,E09000011,281550,21.8,10.4,5209.8,13.2,24.8
Hackney,00AM,E09000012,262700,20.4,7.2,13471.7,13.3,25.8
Hammersmith and Fulham,00AN,E09000013,189850,16.8,9.3,10551.6,10.2,23.4
Haringey,00AP,E09000014,269100,19.4,9,8888.3,11.1,23.3
Harrow,00AQ,E09000015,247500,20.3,14.8,4872.3,9.6,20.4
Havering,00AR,E09000016,250350,18.9,18.4,2119.2,10.3,20.2
Hillingdon,00AS,E09000017,289500,21.1,13.1,2485.2,9.6,20.2
Hounslow,00AT,E09000018,263600,20.9,11.2,4670.3,11.2,23.6
Islington,00AU,E09000019,220800,15.9,8.6,14532.5,10.6,22.3
Kensington and Chelsea,00AW,E09000020,161700,15.7,13.6,12573.2,9.2,21.6
Kingston upon Thames,00AX,E09000021,167200,19.3,13.3,4466,6,16.1
Lambeth,00AY,E09000022,320450,17.8,7.7,11516.9,11.5,24.2
Lewisham,00AZ,E09000023,293050,20.7,9.2,8097.4,11,24.6
Merton,00BA,E09000024,206200,20.6,12.2,5460.3,9,20.6
Newham,00BB,E09000025,338000,22.2,6.6,8383.8,12.5,26
Redbridge,00BC,E09000026,292450,22.9,12.2,5135.3,10.6,22.7
Richmond upon Thames,00BD,E09000027,191600,20.5,14.7,3256.3,5.7,11.7
Southwark,00BE,E09000028,308650,18.5,7.7,9976.9,12.8,26.9
Sutton,00BF,E09000029,196400,20.4,15.2,4480.3,8.1,19.2
Tower Hamlets,00BG,E09000030,284300,19.6,5.7,12564.7,12.7,25.6
Waltham Forest,00BH,E09000031,271450,22,10.2,6897,10.6,23.2
Wandsworth,00BJ,E09000032,322750,17.6,8.9,8853.9,9.2,20.1
Westminster,00BK,E09000033,230550,14.7,11.4,10285.8,11.1,25.9
London,H,E12000007,8632850,20,11.4,5292.6,10.8,22.5
England,921,E92000001,54613400,18.9,17.8,413.5,9.4,19.1
